{
  "test/integration/pages/BooksDraftObjectPage-dbg.js": 1689130224490,
  "xs-app.json": 1689131817770,
  "test/integration/opaTests.qunit.js": 1689130224442,
  "test/integration/FirstJourney.js": 1689130224506,
  "test/testsuite.qunit.js": 1689130224434,
  "test/integration/pages/BooksDraftObjectPage.js": 1689130224490,
  "manifest.json": 1689131817910,
  "Component.js": 1689130224314,
  "test/testsuite.qunit-dbg.js": 1689130224434,
  "test/testsuite.qunit.js.map": 1689131835932,
  "test/integration/FirstJourney-dbg.js": 1689130224506,
  "test/integration/FirstJourney.js.map": 1689131835962,
  "test/integration/opaTests.qunit-dbg.js": 1689130224442,
  "test/integration/opaTests.qunit.js.map": 1689131835967,
  "i18n/i18n.properties": 1689130270222,
  "test/integration/pages/BooksDraftObjectPage.js.map": 1689131835950,
  "Component-dbg.js": 1689130224314,
  "Component.js.map": 1689131835947,
  "Component-preload.js": 1689131836109,
  "Component-preload.js.map": 1689131836109,
  "test/integration/opaTests.qunit.html": 1689130224442,
  "test/testsuite.qunit.html": 1689130224426,
  "test/flpSandbox.html": 1689130224426,
  "localService/metadata.xml": 1689130224398,
  "index.html": 1689130224314
}